track_id,album_id,track_order
d41d8cd98f00b204e9800998ecf8427e,8f14e45fceea167a5a36dedd4bea2543,1
aab3238922bcc25a6f606eb525ffdc56,8f14e45fceea167a5a36dedd4bea2543,2
a9d5b0a6e8b6b97cbb5a98d0954851d3,8f14e45fceea167a5a36dedd4bea2543,3
f1c2b0c0d9e1b5c5a5e98ff9f8b77b80,8f14e45fceea167a5a36dedd4bea2543,4
e2c3b1b4e1d1b1b1e1c1f1a1c2d3e4f5,14b8f18d1e1b24d3a1f41b9c7f5b3c6b,1
c4b5a9b7d5e3c1a8a5b5d2b1c4e8e8f0,14b8f18d1e1b24d3a1f41b9c7f5b3c6b,2
b6c7d8e5f1a2e4d6e3c5c7b9f0a1b1c4,14b8f18d1e1b24d3a1f41b9c7f5b3c6b,3
d5f4a1a8c2b1e9b6a4f3e2c5b8d7f6c1,14b8f18d1e1b24d3a1f41b9c7f5b3c6b,4
b2a1f8e9c7b4d1a3e4f2c1e8b6a9e5d0,5e8c4b2a3f1c2d4a5b7d8e6f1e9c3a5,1
e1b3d5c6a2e4f7b8c1d3a9e4f2a8b3e7,5e8c4b2a3f1c2d4a5b7d8e6f1e9c3a5,2
c4e1f9b7d6a5c3a2b4d1e9f8c7e1a3d8,5e8c4b2a3f1c2d4a5b7d8e6f1e9c3a5,3
b9c1a2f4e8d7b5c6e1a3f2d4b8c3e9f1,5e8c4b2a3f1c2d4a5b7d8e6f1e9c3a5,4
f8b4d2c1e7f6a3c9b5a2e8d1f4c3e7f2,12b2e8b6c9a4d5e3a1b2f1d8e4c6f2a,1
a1c4e7b5d9f3c6a8b2e4a1c5d8f2e7b3,12b2e8b6c9a4d5e3a1b2f1d8e4c6f2a,2
e1f2b4c8a3d6f5e1c7b2a9e4f1d3c2b6,12b2e8b6c9a4d5e3a1b2f1d8e4c6f2a,3
d5a3b9e2f1c8a6b4e7f5c2d1e8a3b7c9,12b2e8b6c9a4d5e3a1b2f1d8e4c6f2a,4
a7f4b2d1c9a8e3b4d5e6f1a2b3c7a9e5,27c6f2a8b9d4e1f3a7e1c5b2d8f6b3e4,1
b8c1a3d7e9f2b5a4e6c8d1f4a7b3e2f9,27c6f2a8b9d4e1f3a7e1c5b2d8f6b3e4,2
c4e1f9b2a3d7b8c6f5e4c2a1d3b9f6a,27c6f2a8b9d4e1f3a7e1c5b2d8f6b3e4,3
f1d2a5c4e9b6b3a2d8f7c1e3f5a4d1e8,27c6f2a8b9d4e1f3a7e1c5b2d8f6b3e4,4
d8e5f1b2a9c4e3a7b6d5a1f3b4e2c8f7,3d5e4c2a1f7b8a6c3f9e1d4b2a6e3f5,1
c4a2b9d7e3f1c6a8f5d2e4b1a3b8e9c2,3d5e4c2a1f7b8a6c3f9e1d4b2a6e3f5,2
e1c5f9b6d2a3e7c4b1f5a8d2b9e3c6f4,3d5e4c2a1f7b8a6c3f9e1d4b2a6e3f5,3
a6d4c1e3f9b5e2a8d1c4f7b3b6e9a2f8,3d5e4c2a1f7b8a6c3f9e1d4b2a6e3f5,4
